caption,image_file
a tic tac,image (1).jpg
a tic tac,image (2).jpg
a tic tac,image (3).jpg
a tic tac,image (4).jpg
a tic tac,image (5).jpg
a tic tac,image (6).jpg
a tic tac,image (7).jpg
a tic tac,image (8).jpg
a tic tac,image (9).jpg
a tic tac,image (10).jpg
a tic tac,image (11).jpg
a tic tac,image (12).jpg
a tic tac,image (13).jpg
a tic tac,image (14).jpg
a tic tac,image (15).jpg
a tic tac,image (16).jpg
a tic tac,image (17).jpg
a tic tac,image (18).jpg
a tic tac,image (19).jpg
a tic tac,image (20).jpg
a tic tac,image (21).jpg
a tic tac,image (22).jpg
a tic tac,image (23).jpg
a tic tac,image (24).jpg
a tic tac,image (25).jpg
a tic tac,image (26).jpg
a tic tac,image (27).jpg
a tic tac,image (28).jpg
a tic tac,image (29).jpg
a tic tac,image (30).jpg
a tic tac,image (31).jpg
a tic tac,image (32).jpg
a tic tac,image (33).jpg
a tic tac,image (34).jpg
a tic tac,image (35).jpg
a tic tac,image (36).jpg
a tic tac,image (37).jpg
a tic tac,image (38).jpg
a tic tac,image (39).jpg
a tic tac,image (40).jpg
a tic tac,image (41).jpg
a tic tac,image (42).jpg
a tic tac,image (43).jpg
a tic tac,image (44).jpg
a tic tac,image (45).jpg
a tic tac,image (46).jpg
a tic tac,image (47).jpg
a tic tac,image (48).jpg
a tic tac,image (49).jpg
a tic tac,image (50).jpg
a tic tac,image (51).jpg
a tic tac,image (52).jpg
a tic tac,image (53).jpg
a tic tac,image (54).jpg
a tic tac,image (55).jpg
a tic tac,image (56).jpg
a tic tac,image (57).jpg
a tic tac,image (58).jpg
a tic tac,image (59).jpg
a tic tac,image (60).jpg
a tic tac,image (61).jpg
a tic tac,image (62).jpg
a tic tac,image (63).jpg
a tic tac,image (64).jpg
a tic tac,image (65).jpg
a tic tac,image (66).jpg
a tic tac,image (67).jpg
a tic tac,image (68).jpg
a tic tac,image (69).jpg
a tic tac,image (70).jpg
a tic tac,image (71).jpg
a tic tac,image (72).jpg
a tic tac,image (73).jpg
a tic tac,image (74).jpg
a tic tac,image (75).jpg
a tic tac,image (76).jpg
a tic tac,image (77).jpg
a tic tac,image (78).jpg
a tic tac,image (79).jpg
a tic tac,image (80).jpg
a tic tac,image (81).jpg
a tic tac,image (82).jpg
a tic tac,image (83).jpg
a tic tac,image (84).jpg
